"0","library(rvest)"
"0","library(stringr)"
"0","library(parallel)"
"0","library(splitstackshape)"
"0","library(tidyverse)"
"2","Registered S3 methods overwritten by 'dbplyr':
  method         from
  print.tbl_lazy     
  print.tbl_sql      
"
"2","[37mâ”€â”€ [1mAttaching packages[22m â”€â”€â”€â”€â”€â”€â”€â”€â”€â”€â”€â”€â”€â”€â”€â”€â”€â”€â”€â”€â”€â”€â”€â”€â”€â”€â”€â”€â”€â”€â”€â”€â”€â”€â”€â”€â”€â”€â”€â”€â”€â”€â”€â”€ tidyverse 1.3.1 â”€â”€[39m
"
"2","[37m[32mâœ“[37m [34mtibble [37m 3.1.6     [32mâœ“[37m [34mpurrr  [37m 0.3.4
[32mâœ“[37m [34mtidyr  [37m 1.1.4     [32mâœ“[37m [34mforcats[37m 0.5.1
[32mâœ“[37m [34mreadr  [37m 2.1.1     [39m
"
"2","[37mâ”€â”€ [1mConflicts[22m â”€â”€â”€â”€â”€â”€â”€â”€â”€â”€â”€â”€â”€â”€â”€â”€â”€â”€â”€â”€â”€â”€â”€â”€â”€â”€â”€â”€â”€â”€â”€â”€â”€â”€â”€â”€â”€â”€â”€â”€â”€â”€â”€â”€â”€â”€â”€ tidyverse_conflicts() â”€â”€
[31mx[37m [34mpurrr[37m::[32maccumulate()[37m     masks [34mforeach[37m::accumulate()
[31mx[37m [34mdplyr[37m::[32mbetween()[37m        masks [34mdata.table[37m::between()
[31mx[37m [34mdplyr[37m::[32mfilter()[37m         masks [34mstats[37m::filter()
[31mx[37m [34mdplyr[37m::[32mfirst()[37m          masks [34mdata.table[37m::first()
[31mx[37m [34mreadr[37m::[32mguess_encoding()[37m masks [34mrvest[37m::guess_encoding()
[31mx[37m [34mdplyr[37m::[32mlag()[37m            masks [34mstats[37m::lag()
[31mx[37m [34mdplyr[37m::[32mlast()[37m           masks [34mdata.table[37m::last()
[31mx[37m [34mpurrr[37m::[32mtranspose()[37m      masks [34mdata.table[37m::transpose()
[31mx[37m [34mpurrr[37m::[32mwhen()[37m           masks [34mforeach[37m::when()[39m
"
"0","library(tidyr)"
"0","library(xml2)"
"0","library(parallel)"
"0","library(data.table)"
